Date,Day,Count
2018-12-08,Saturday,1
2018-12-09,Sunday,3
2018-12-10,Monday,2
2018-12-11,Tuesday,2
2018-12-12,Wednesday,1
2018-12-13,Thursday,1
2018-12-14,Friday,4
2018-12-15,Saturday,1
2018-12-16,Sunday,
2018-12-17,Monday,2
2018-12-18,Tuesday,1
2018-12-19,Wednesday,1
2018-12-20,Thursday,1
2018-12-21,Friday,
2018-12-22,Saturday,2
2018-12-23,Sunday,
2018-12-24,Monday,2
2018-12-25,Tuesday,
2018-12-26,Wednesday,1
2018-12-27,Thursday,1
2018-12-28,Friday,1
2018-12-29,Saturday,
2018-12-30,Sunday,
2018-12-31,Monday,1
2019-01-01,Tuesday,1
2019-01-02,Wednesday,2
2019-01-03,Thursday,
2019-01-04,Friday,1
2019-01-05,Saturday,1
2019-01-06,Sunday,
2019-01-07,Monday,1
2019-01-08,Tuesday,1
2019-01-09,Wednesday,1
2019-01-10,Thursday,1
2019-01-11,Friday,1
2019-01-12,Saturday,
2019-01-13,Sunday,1
2019-01-14,Monday,1
2019-01-15,Tuesday,
2019-01-16,Wednesday,
2019-01-17,Thursday,1
2019-01-18,Friday,1
2019-01-19,Saturday,
2019-01-20,Sunday,
2019-01-21,Monday,1
2019-01-22,Tuesday,1
2019-01-23,Wednesday,1
2019-01-24,Thursday,1
2019-01-25,Friday,
2019-01-26,Saturday,
2019-01-27,Sunday,
2019-01-28,Monday,
2019-01-29,Tuesday,1
2019-01-30,Wednesday,1
2019-01-31,Thursday,2
2019-02-01,Friday,1
2019-02-02,Saturday,
2019-02-03,Sunday,1
2019-02-04,Monday,
2019-02-05,Tuesday,
2019-02-06,Wednesday,1
2019-02-07,Thursday,1
2019-02-08,Friday,1
2019-02-09,Saturday,
2019-02-10,Sunday,1
2019-02-11,Monday,
2019-02-12,Tuesday,
2019-02-13,Wednesday,1
2019-02-14,Thursday,1
2019-02-15,Friday,
2019-02-16,Saturday,1
2019-02-17,Sunday,
2019-02-18,Monday,2
2019-02-19,Tuesday,
2019-02-20,Wednesday,
2019-02-21,Thursday,
2019-02-22,Friday,1
2019-02-23,Saturday,
2019-02-24,Sunday,1
2019-02-25,Monday,
2019-02-26,Tuesday,
2019-02-27,Wednesday,1
2019-02-28,Thursday,1
2019-03-01,Friday,
2019-03-02,Saturday,
2019-03-03,Sunday,1
2019-03-04,Monday,
2019-03-05,Tuesday,
2019-03-06,Wednesday,1
2019-03-07,Thursday,
2019-03-08,Friday,
2019-03-09,Saturday,
2019-03-10,Sunday,
2019-03-11,Monday,1
2019-03-12,Tuesday,1
2019-03-13,Wednesday,
2019-03-14,Thursday,1
2019-03-15,Friday,2
2019-03-16,Saturday,
2019-03-17,Sunday,
2019-03-18,Monday,
2019-03-19,Tuesday,1
2019-03-20,Wednesday,2
2019-03-21,Thursday,
2019-03-22,Friday,
2019-03-23,Saturday,1
2019-03-24,Sunday,
2019-03-25,Monday,1
2019-03-26,Tuesday,1
2019-03-27,Wednesday,
2019-03-28,Thursday,
2019-03-29,Friday,
2019-03-30,Saturday,1
2019-03-31,Sunday,
2019-04-01,Monday,
2019-04-02,Tuesday,1
2019-04-03,Wednesday,
2019-04-04,Thursday,1
2019-04-05,Friday,
2019-04-06,Saturday,
2019-04-07,Sunday,1
2019-04-08,Monday,1
2019-04-09,Tuesday,1
2019-04-10,Wednesday,
2019-04-11,Thursday,1
2019-04-12,Friday,1
2019-04-13,Saturday,1
2019-04-14,Sunday,
2019-04-15,Monday,
2019-04-16,Tuesday,1
2019-04-17,Wednesday,1
2019-04-18,Thursday,1
2019-04-19,Friday,1
2019-04-20,Saturday,1
2019-04-21,Sunday,2
2019-04-22,Monday,1
2019-04-23,Tuesday,1
2019-04-24,Wednesday,
2019-04-25,Thursday,1
2019-04-26,Friday,
2019-04-27,Saturday,1
2019-04-28,Sunday,
2019-04-29,Monday,1
2019-04-30,Tuesday,
2019-05-01,Wednesday,1
2019-05-02,Thursday,
2019-05-03,Friday,1
2019-05-04,Saturday,1
2019-05-05,Sunday,
2019-05-06,Monday,1
2019-05-07,Tuesday,1
2019-05-08,Wednesday,1
2019-05-09,Thursday,
2019-05-10,Friday,1
2019-05-11,Saturday,1
2019-05-12,Sunday,
2019-05-13,Monday,1
2019-05-14,Tuesday,1
2019-05-15,Wednesday,
2019-05-16,Thursday,1
2019-05-17,Friday,
2019-05-18,Saturday,2
2019-05-19,Sunday,
2019-05-20,Monday,1
2019-05-21,Tuesday,
2019-05-22,Wednesday,
2019-05-23,Thursday,2
2019-05-24,Friday,
2019-05-25,Saturday,1
2019-05-26,Sunday,1
2019-05-27,Monday,
2019-05-28,Tuesday,1
2019-05-29,Wednesday,
2019-05-30,Thursday,1
2019-05-31,Friday,1
2019-06-01,Saturday,1
2019-06-02,Sunday,1
2019-06-03,Monday,1
2019-06-04,Tuesday,
2019-06-05,Wednesday,1
2019-06-06,Thursday,1
2019-06-07,Friday,1
2019-06-08,Saturday,
2019-06-09,Sunday,
2019-06-10,Monday,
2019-06-11,Tuesday,1
2019-06-12,Wednesday,1
2019-06-13,Thursday,
2019-06-14,Friday,
2019-06-15,Saturday,1
2019-06-16,Sunday,1
2019-06-17,Monday,
2019-06-18,Tuesday,1
2019-06-19,Wednesday,
2019-06-20,Thursday,
2019-06-21,Friday,1
2019-06-22,Saturday,
2019-06-23,Sunday,1
2019-06-24,Monday,
2019-06-25,Tuesday,
2019-06-26,Wednesday,
2019-06-27,Thursday,1
2019-06-28,Friday,1
2019-06-29,Saturday,
2019-06-30,Sunday,
2019-07-01,Monday,1
2019-07-02,Tuesday,
2019-07-03,Wednesday,
2019-07-04,Thursday,
2019-07-05,Friday,
2019-07-06,Saturday,1
2019-07-07,Sunday,1
2019-07-08,Monday,1
2019-07-09,Tuesday,1
2019-07-10,Wednesday,
2019-07-11,Thursday,2
2019-07-12,Friday,2
2019-07-13,Saturday,
2019-07-14,Sunday,
2019-07-15,Monday,1
2019-07-16,Tuesday,
2019-07-17,Wednesday,
2019-07-18,Thursday,
2019-07-19,Friday,1
2019-07-20,Saturday,
2019-07-21,Sunday,1
2019-07-22,Monday,1
2019-07-23,Tuesday,1
2019-07-24,Wednesday,
2019-07-25,Thursday,
2019-07-26,Friday,
2019-07-27,Saturday,1
2019-07-28,Sunday,1
2019-07-29,Monday,1
2019-07-30,Tuesday,
2019-07-31,Wednesday,1
2019-08-01,Thursday,
2019-08-02,Friday,1
2019-08-03,Saturday,
2019-08-04,Sunday,1
2019-08-05,Monday,
2019-08-06,Tuesday,
2019-08-07,Wednesday,1
2019-08-08,Thursday,
2019-08-09,Friday,1
2019-08-10,Saturday,1
2019-08-11,Sunday,1
2019-08-12,Monday,
2019-08-13,Tuesday,1
2019-08-14,Wednesday,1
2019-08-15,Thursday,
2019-08-16,Friday,
2019-08-17,Saturday,1
2019-08-18,Sunday,
2019-08-19,Monday,1
2019-08-20,Tuesday,1
2019-08-21,Wednesday,
2019-08-22,Thursday,1
2019-08-23,Friday,1
2019-08-24,Saturday,
2019-08-25,Sunday,1
2019-08-26,Monday,2
2019-08-27,Tuesday,
2019-08-28,Wednesday,
2019-08-29,Thursday,1
2019-08-30,Friday,
2019-08-31,Saturday,1
2019-09-01,Sunday,
2019-09-02,Monday,1
2019-09-03,Tuesday,1
2019-09-04,Wednesday,
2019-09-05,Thursday,1
2019-09-06,Friday,
2019-09-07,Saturday,
2019-09-08,Sunday,2
2019-09-09,Monday,
2019-09-10,Tuesday,1
2019-09-11,Wednesday,1
2019-09-12,Thursday,1
2019-09-13,Friday,
2019-09-14,Saturday,1
2019-09-15,Sunday,
2019-09-16,Monday,1
2019-09-17,Tuesday,
2019-09-18,Wednesday,1
2019-09-19,Thursday,1
2019-09-20,Friday,1
2019-09-21,Saturday,
2019-09-22,Sunday,
2019-09-23,Monday,1
2019-09-24,Tuesday,
2019-09-25,Wednesday,2.5
2019-09-26,Thursday,
2019-09-27,Friday,2
2019-09-28,Saturday,
2019-09-29,Sunday,1
2019-09-30,Monday,1
2019-10-01,Tuesday,
2019-10-02,Wednesday,1
2019-10-03,Thursday,
2019-10-04,Friday,1
2019-10-05,Saturday,1
2019-10-06,Sunday,2
2019-10-07,Monday,1
2019-10-08,Tuesday,
2019-10-09,Wednesday,1
2019-10-10,Thursday,
2019-10-11,Friday,
2019-10-12,Saturday,
2019-10-13,Sunday,
2019-10-14,Monday,1
2019-10-15,Tuesday,1
2019-10-16,Wednesday,
2019-10-17,Thursday,
2019-10-18,Friday,2
2019-10-19,Saturday,1
2019-10-20,Sunday,
2019-10-21,Monday,1
2019-10-22,Tuesday,1
2019-10-23,Wednesday,
2019-10-24,Thursday,
2019-10-25,Friday,
2019-10-26,Saturday,1
2019-10-27,Sunday,
2019-10-28,Monday,1
2019-10-29,Tuesday,1
2019-10-30,Wednesday,1
2019-10-31,Thursday,1
2019-11-01,Friday,
2019-11-02,Saturday,
2019-11-03,Sunday,1
2019-11-04,Monday,
2019-11-05,Tuesday,1
2019-11-06,Wednesday,
2019-11-07,Thursday,
2019-11-08,Friday,1
2019-11-09,Saturday,1
2019-11-10,Sunday,
2019-11-11,Monday,1
2019-11-12,Tuesday,
2019-11-13,Wednesday,
2019-11-14,Thursday,1
2019-11-15,Friday,
2019-11-16,Saturday,1
2019-11-17,Sunday,
2019-11-18,Monday,1
2019-11-19,Tuesday,1
2019-11-20,Wednesday,1
2019-11-21,Thursday,
2019-11-22,Friday,
2019-11-23,Saturday,1
2019-11-24,Sunday,
2019-11-25,Monday,1
2019-11-26,Tuesday,1
2019-11-27,Wednesday,1
2019-11-28,Thursday,1
2019-11-29,Friday,
2019-11-30,Saturday,1
2019-12-01,Sunday,
2019-12-02,Monday,
2019-12-03,Tuesday,1
2019-12-04,Wednesday,
2019-12-05,Thursday,1
2019-12-06,Friday,1
2019-12-07,Saturday,1
2019-12-08,Sunday,1
2019-12-09,Monday,1
2019-12-10,Tuesday,
2019-12-11,Wednesday,1
2019-12-12,Thursday,
2019-12-13,Friday,
2019-12-14,Saturday,
2019-12-15,Sunday,1
2019-12-16,Monday,
2019-12-17,Tuesday,1
2019-12-18,Wednesday,1
2019-12-19,Thursday,
2019-12-20,Friday,1
2019-12-21,Saturday,1
2019-12-22,Sunday,
2019-12-23,Monday,2
2019-12-24,Tuesday,
2019-12-25,Wednesday,2.5
2019-12-26,Thursday,
2019-12-27,Friday,1
2019-12-28,Saturday,1
2019-12-29,Sunday,1
2019-12-30,Monday,1
2019-12-31,Tuesday,
2020-01-01,Wednesday,
2020-01-02,Thursday,1
2020-01-03,Friday,1
2020-01-04,Saturday,
2020-01-05,Sunday,1
2020-01-06,Monday,2
2020-01-07,Tuesday,
2020-01-08,Wednesday,
2020-01-09,Thursday,2
2020-01-10,Friday,
2020-01-11,Saturday,1
2020-01-12,Sunday,
2020-01-13,Monday,
2020-01-14,Tuesday,
2020-01-15,Wednesday,
2020-01-16,Thursday,1
2020-01-17,Friday,1
2020-01-18,Saturday,
2020-01-19,Sunday,2
2020-01-20,Monday,
2020-01-21,Tuesday,1
2020-01-22,Wednesday,1
2020-01-23,Thursday,
2020-01-24,Friday,
2020-01-25,Saturday,1
2020-01-26,Sunday,
2020-01-27,Monday,
2020-01-28,Tuesday,1
2020-01-29,Wednesday,1
2020-01-30,Thursday,
2020-01-31,Friday,
2020-02-01,Saturday,
2020-02-02,Sunday,
2020-02-03,Monday,
2020-02-04,Tuesday,1
2020-02-05,Wednesday,1
2020-02-06,Thursday,
2020-02-07,Friday,1
2020-02-08,Saturday,
2020-02-09,Sunday,1
2020-02-10,Monday,
2020-02-11,Tuesday,1
2020-02-12,Wednesday,1
2020-02-13,Thursday,1
2020-02-14,Friday,
2020-02-15,Saturday,2
2020-02-16,Sunday,
2020-02-17,Monday,1
2020-02-18,Tuesday,1
2020-02-19,Wednesday,
2020-02-20,Thursday,1
2020-02-21,Friday,
2020-02-22,Saturday,1
2020-02-23,Sunday,1
2020-02-24,Monday,1
2020-02-25,Tuesday,
2020-02-26,Wednesday,1
2020-02-27,Thursday,
2020-02-28,Friday,1
2020-02-29,Saturday,
2020-03-01,Sunday,1
2020-03-02,Monday,1
2020-03-03,Tuesday,2
2020-03-04,Wednesday,
2020-03-05,Thursday,1
2020-03-06,Friday,
2020-03-07,Saturday,
2020-03-08,Sunday,
2020-03-09,Monday,1
2020-03-10,Tuesday,1
2020-03-11,Wednesday,
2020-03-12,Thursday,1
2020-03-13,Friday,
2020-03-14,Saturday,1
2020-03-15,Sunday,1
2020-03-16,Monday,1
2020-03-17,Tuesday,
2020-03-18,Wednesday,2
2020-03-19,Thursday,
2020-03-20,Friday,1
2020-03-21,Saturday,
2020-03-22,Sunday,
2020-03-23,Monday,
2020-03-24,Tuesday,
2020-03-25,Wednesday,1
2020-03-26,Thursday,
2020-03-27,Friday,
2020-03-28,Saturday,1
2020-03-29,Sunday,
2020-03-30,Monday,1
2020-03-31,Tuesday,1
2020-04-01,Wednesday,
2020-04-02,Thursday,1
2020-04-03,Friday,
2020-04-04,Saturday,
2020-04-05,Sunday,2.5
2020-04-06,Monday,
2020-04-07,Tuesday,
2020-04-08,Wednesday,1
2020-04-09,Thursday,1
2020-04-10,Friday,
2020-04-11,Saturday,1
2020-04-12,Sunday,2
2020-04-13,Monday,
2020-04-14,Tuesday,1
2020-04-15,Wednesday,
2020-04-16,Thursday,1
2020-04-17,Friday,
2020-04-18,Saturday,1
2020-04-19,Sunday,
2020-04-20,Monday,1
2020-04-21,Tuesday,
2020-04-22,Wednesday,
2020-04-23,Thursday,1
2020-04-24,Friday,
2020-04-25,Saturday,1
2020-04-26,Sunday,
2020-04-27,Monday,1
2020-04-28,Tuesday,
2020-04-29,Wednesday,1
2020-04-30,Thursday,
2020-05-01,Friday,1
2020-05-02,Saturday,1
2020-05-03,Sunday,
2020-05-04,Monday,
2020-05-05,Tuesday,1
2020-05-06,Wednesday,
2020-05-07,Thursday,1
2020-05-08,Friday,
2020-05-09,Saturday,
2020-05-10,Sunday,1
2020-05-11,Monday,
2020-05-12,Tuesday,
2020-05-13,Wednesday,1
2020-05-14,Thursday,1
2020-05-15,Friday,1
2020-05-16,Saturday,
2020-05-17,Sunday,
2020-05-18,Monday,1
2020-05-19,Tuesday,0.65
2020-05-20,Wednesday,0.65
2020-05-21,Thursday,0.65
2020-05-22,Friday,0.65
2020-05-23,Saturday,0.65
2020-05-24,Sunday,0.65
2020-05-25,Monday,0.65
2020-05-26,Tuesday,0.65
2020-05-27,Wednesday,0.65
2020-05-28,Thursday,0.65
2020-05-29,Friday,0.65
2020-05-30,Saturday,0.65
2020-05-31,Sunday,0.6
2020-06-01,Monday,0.6
2020-06-02,Tuesday,1
2020-06-03,Wednesday,
2020-06-04,Thursday,1
2020-06-05,Friday,
2020-06-06,Saturday,1
2020-06-07,Sunday,
2020-06-08,Monday,
2020-06-09,Tuesday,
2020-06-10,Wednesday,
2020-06-11,Thursday,
2020-06-12,Friday,
2020-06-13,Saturday,
2020-06-14,Sunday,
2020-06-15,Monday,
2020-06-16,Tuesday,
2020-06-17,Wednesday,
2020-06-18,Thursday,
2020-06-19,Friday,
2020-06-20,Saturday,
2020-06-21,Sunday,
2020-06-22,Monday,
2020-06-23,Tuesday,
2020-06-24,Wednesday,
2020-06-25,Thursday,
2020-06-26,Friday,
2020-06-27,Saturday,
2020-06-28,Sunday,
2020-06-29,Monday,
2020-06-30,Tuesday,
2020-07-01,Wednesday,
2020-07-02,Thursday,
2020-07-03,Friday,
2020-07-04,Saturday,
2020-07-05,Sunday,1
2020-07-06,Monday,
2020-07-07,Tuesday,1
2020-07-08,Wednesday,1
2020-07-09,Thursday,
2020-07-10,Friday,1
2020-07-11,Saturday,
2020-07-12,Sunday,1
2020-07-13,Monday,1
2020-07-14,Tuesday,1
2020-07-15,Wednesday,
2020-07-16,Thursday,1
2020-07-17,Friday,1
2020-07-18,Saturday,
2020-07-19,Sunday,2
2020-07-20,Monday,
2020-07-21,Tuesday,
2020-07-22,Wednesday,1
2020-07-23,Thursday,
2020-07-24,Friday,1
2020-07-25,Saturday,
2020-07-26,Sunday,1
2020-07-27,Monday,
2020-07-28,Tuesday,1
2020-07-29,Wednesday,
2020-07-30,Thursday,
2020-07-31,Friday,
2020-08-01,Saturday,1
2020-08-02,Sunday,
2020-08-03,Monday,1
2020-08-04,Tuesday,
2020-08-05,Wednesday,
2020-08-06,Thursday,1
2020-08-07,Friday,
2020-08-08,Saturday,1
2020-08-09,Sunday,
2020-08-10,Monday,
2020-08-11,Tuesday,1
2020-08-12,Wednesday,
2020-08-13,Thursday,1
2020-08-14,Friday,1
2020-08-15,Saturday,1
2020-08-16,Sunday,1.5
2020-08-17,Monday,
2020-08-18,Tuesday,1
2020-08-19,Wednesday,
2020-08-20,Thursday,1
2020-08-21,Friday,
2020-08-22,Saturday,
2020-08-23,Sunday,1
2020-08-24,Monday,
2020-08-25,Tuesday,1
2020-08-26,Wednesday,
2020-08-27,Thursday,1
2020-08-28,Friday,1
2020-08-29,Saturday,1
2020-08-30,Sunday,
2020-08-31,Monday,1
2020-09-01,Tuesday,1
2020-09-02,Wednesday,
2020-09-03,Thursday,
2020-09-04,Friday,1
2020-09-05,Saturday,1
2020-09-06,Sunday,1
2020-09-07,Monday,
2020-09-08,Tuesday,1
2020-09-09,Wednesday,
2020-09-10,Thursday,
2020-09-11,Friday,1
2020-09-12,Saturday,
2020-09-13,Sunday,1
2020-09-14,Monday,
2020-09-15,Tuesday,1
2020-09-16,Wednesday,
2020-09-17,Thursday,1
2020-09-18,Friday,
2020-09-19,Saturday,
2020-09-20,Sunday,
2020-09-21,Monday,
2020-09-22,Tuesday,1
2020-09-23,Wednesday,
2020-09-24,Thursday,1
2020-09-25,Friday,1
2020-09-26,Saturday,
2020-09-27,Sunday,1
2020-09-28,Monday,
2020-09-29,Tuesday,1
2020-09-30,Wednesday,1
2020-10-01,Thursday,1
2020-10-02,Friday,1
2020-10-03,Saturday,
2020-10-04,Sunday,
2020-10-05,Monday,3
2020-10-06,Tuesday,
2020-10-07,Wednesday,1
2020-10-08,Thursday,1
2020-10-09,Friday,
2020-10-10,Saturday,1
2020-10-11,Sunday,
2020-10-12,Monday,
2020-10-13,Tuesday,1
2020-10-14,Wednesday,1
2020-10-15,Thursday,1
2020-10-16,Friday,1
2020-10-17,Saturday,1
2020-10-18,Sunday,
2020-10-19,Monday,
2020-10-20,Tuesday,1
2020-10-21,Wednesday,
2020-10-22,Thursday,1
2020-10-23,Friday,
2020-10-24,Saturday,
2020-10-25,Sunday,
2020-10-26,Monday,1
2020-10-27,Tuesday,
2020-10-28,Wednesday,1.5
2020-10-29,Thursday,
2020-10-30,Friday,
2020-10-31,Saturday,1
2020-11-01,Sunday,
2020-11-02,Monday,1
2020-11-03,Tuesday,
2020-11-04,Wednesday,1
2020-11-05,Thursday,
2020-11-06,Friday,
2020-11-07,Saturday,1
2020-11-08,Sunday,
2020-11-09,Monday,
2020-11-10,Tuesday,1
2020-11-11,Wednesday,
2020-11-12,Thursday,1
2020-11-13,Friday,
2020-11-14,Saturday,1
2020-11-15,Sunday,
2020-11-16,Monday,
2020-11-17,Tuesday,1
2020-11-18,Wednesday,
2020-11-19,Thursday,
2020-11-20,Friday,1
2020-11-21,Saturday,
2020-11-22,Sunday,
2020-11-23,Monday,
2020-11-24,Tuesday,1
2020-11-25,Wednesday,
2020-11-26,Thursday,
2020-11-27,Friday,
2020-11-28,Saturday,
2020-11-29,Sunday,2
2020-11-30,Monday,1
2020-12-01,Tuesday,1
2020-12-02,Wednesday,
2020-12-03,Thursday,
2020-12-04,Friday,
2020-12-05,Saturday,
2020-12-06,Sunday,1
2020-12-07,Monday,1
2020-12-08,Tuesday,
2020-12-09,Wednesday,1
2020-12-10,Thursday,
2020-12-11,Friday,
2020-12-12,Saturday,1
2020-12-13,Sunday,1
2020-12-14,Monday,
2020-12-15,Tuesday,2
2020-12-16,Wednesday,
2020-12-17,Thursday,
2020-12-18,Friday,
2020-12-19,Saturday,
2020-12-20,Sunday,
2020-12-21,Monday,
2020-12-22,Tuesday,2
2020-12-23,Wednesday,1
2020-12-24,Thursday,
2020-12-25,Friday,1
2020-12-26,Saturday,1
2020-12-27,Sunday,2
2020-12-28,Monday,
2020-12-29,Tuesday,
2020-12-30,Wednesday,1
2020-12-31,Thursday,1
2021-01-01,Friday,1.5
2021-01-02,Saturday,
2021-01-03,Sunday,1
2021-01-04,Monday,
2021-01-05,Tuesday,1
2021-01-06,Wednesday,1
2021-01-07,Thursday,
2021-01-08,Friday,1
2021-01-09,Saturday,
2021-01-10,Sunday,1
2021-01-11,Monday,
2021-01-12,Tuesday,
2021-01-13,Wednesday,
2021-01-14,Thursday,
2021-01-15,Friday,
2021-01-16,Saturday,1
2021-01-17,Sunday,
2021-01-18,Monday,
2021-01-19,Tuesday,1
2021-01-20,Wednesday,1
2021-01-21,Thursday,
2021-01-22,Friday,
2021-01-23,Saturday,1
2021-01-24,Sunday,
2021-01-25,Monday,
2021-01-26,Tuesday,
2021-01-27,Wednesday,
2021-01-28,Thursday,1
2021-01-29,Friday,1
2021-01-30,Saturday,
2021-01-31,Sunday,1
2021-02-01,Monday,2
2021-02-02,Tuesday,
2021-02-03,Wednesday,
2021-02-04,Thursday,
2021-02-05,Friday,
2021-02-06,Saturday,1
2021-02-07,Sunday,
2021-02-08,Monday,
2021-02-09,Tuesday,
2021-02-10,Wednesday,1
2021-02-11,Thursday,
2021-02-12,Friday,1
2021-02-13,Saturday,1
2021-02-14,Sunday,1
2021-02-15,Monday,
2021-02-16,Tuesday,1
2021-02-17,Wednesday,1
2021-02-18,Thursday,
2021-02-19,Friday,1
2021-02-20,Saturday,2
2021-02-21,Sunday,
2021-02-22,Monday,1.5
2021-02-23,Tuesday,
2021-02-24,Wednesday,
2021-02-25,Thursday,1
2021-02-26,Friday,
2021-02-27,Saturday,1
2021-02-28,Sunday,1
2021-03-01,Monday,
2021-03-02,Tuesday,1
2021-03-03,Wednesday,
2021-03-04,Thursday,
2021-03-05,Friday,1
2021-03-06,Saturday,
2021-03-07,Sunday,1.5
2021-03-08,Monday,
2021-03-09,Tuesday,1
2021-03-10,Wednesday,
2021-03-11,Thursday,1
2021-03-12,Friday,
2021-03-13,Saturday,
2021-03-14,Sunday,
2021-03-15,Monday,
2021-03-16,Tuesday,1.5
